name,price,store,brand,location,sold,rating,details_link,description
Bubuk minuman moringa kemasan repack 1 Kg Bonus 150 Gr Cod,Rp110.000,Aether Herb's,No Brand,Kota Pontianak,11 Terjual,0.0,https://www.lazada.co.id/products/bubuk-minuman-moringa-kemasan-repack-1-kg-bonus-150-gr-cod-i8385564875.html,"SEMUA BONUS AKAN DISATUKAN DALAM SATU KEMASAN YA
Spesifikasi dari Bubuk minuman moringa kemasan repack 1 Kg Bonus 150 Gr Cod
Merek No Brand SKU 8385564875_ID-14821706146 Tempat diproduksi Indonesia Jenis Kemasan Multi-Pak unit_metric g shelf_expiry Benar Bahan-bahan BCA Tekstur Produk Bubuk
Kualifikasi
Tipe Lisensi
ID_BPOM_Registration_Number
Kode Lisensi"
Dar Bumi Paket Bulking Alami Moringa Daun Kelor Bubuk Premium Dan Madu Murni 350 Gram Varian Raw Honey,Rp64.900,Dari Bumi,DARI BUMI,Kota Jakarta Barat,449 Terjual,0.0,https://www.lazada.co.id/products/dar-bumi-paket-bulking-alami-moringa-daun-kelor-bubuk-premium-dan-madu-murni-350-gram-varian-raw-honey-i8249122400.html,LIHAT LEBIH BANYAK
"bubuk daun kelor kemasan 1kg, bubuk murni 100% asli tanpa campuran / Moringa powder",Rp50.000,NewV2,No Brand,Kota Surabaya,,0.0,https://www.lazada.co.id/products/bubuk-daun-kelor-kemasan-1kg-bubuk-murni-100-asli-tanpa-campuran-moringa-powder-i8378660388.html,"bubuk daun kelor super 
halus seperti bedak
Bubuk daun kelor memiliki 
beberapa manfaat, antara lain:
1. Mengobati penyakit darah tinggi
2. Mengobati penyakit diabetes
3. Mengobati penyakit kanker
4. Mengobati penyakit jantung
5. Mengobati penyakit ginjal
6. Mengobati penyakit hati
7. Mengobati penyakit kulit
8. Mengobati penyakit pernapasan
9. Mengobati penyakit pencernaan
10. Meningkatkan kekebalan tubuh
Bubuk daun kelor juga kaya akan 
nutrisi, seperti protein, vitamin, 
dan mineral, yang dapat membantu 
menjaga kesehatan tubuh.
Komposisi : Daun Kelor 100%
Cara penggunaan untuk minuman : 
Ambil 2 sendok teh bubuk 
daun kelor kemudian larutkan 
dengan 200ml air mendidih
kemudian saring dan siap dikonsumsi
Cara penggunaan untuk masker : 
ambil 2sendok makan bubuk 
daun kelor lalu beri air secukupnya,
siap digunakan untuk masker
PACKING : FREE Bubble Wrap
berat : 1000gr
Expired : 2027
Kemasan : Menggunakan plastik
Spesifikasi dari bubuk daun kelor kemasan 1kg, bubuk murni 100% asli tanpa campuran / Moringa powder
Merek No Brand SKU 8378660388_ID-14811300153 Tekstur Produk Bubuk
LIHAT LEBIH BANYAK"
Daun Kelor Moringa Bubuk Organik 450 Gr Premium Pure Organik Dari Bumi,Rp47.500,Dari Bumi,DARI BUMI,Kota Jakarta Barat,3.5K Terjual,0.0,https://www.lazada.co.id/products/daun-kelor-moringa-bubuk-organik-450-gr-premium-pure-organik-dari-bumi-i7549106805.html,LIHAT LEBIH BANYAK
Daun Kelor Bubuk Safiya 350 Gram Moringa Powder Original Safiya,Rp12.500,Kurma Alif,KURMA ALIF,Kota Jakarta Barat,2.7K Terjual,0.0,https://www.lazada.co.id/products/daun-kelor-bubuk-safiya-350-gram-moringa-powder-original-safiya-i1669978478.html,"TERSEDIA PEMBAYARAN COD""Toko Kurma Alif"" (Toko Online Oleh Oleh Haji Murah dan Terpercaya)Assalamualaikum Wr. Wb.Serbuk Daun Kelor herbal
Netto: 100 gr Daun kelor sendiri menyimpan sejuta manfaat yang baik untuk kesehatan. Daun kelor juga mengandung berbagai zat atay nutrisi yang sangat beragam dan lengkap. Daun kelor kaya dengan vitamin A, C, B1, B2, B3, dan berbagai mineral penting lainnya. Barang yang akan kami kirimkan telah melalui proses penyortiran yang teliti sehingga dipastikan menjadi barang yang terbaik dan berkualitas dikelasnya.Wassalamualaikum Wr. Wb.
""Toko Kurma Alif"" (Toko Online Oleh Oleh Haji Murah dan Terpercaya)
Assalamualaikum Wr. Wb.
Serbuk Daun Kelor (Moringa)
Daun kelor sendiri menyimpan sejuta manfaat yang baik untuk kesehatan. Daun kelor juga mengandung berbagai zat atay nutrisi yang sangat beragam dan lengkap. Daun kelor kaya dengan vitamin A, C, B1, B2, B3, dan berbagai mineral penting lainnya.
Manfaat Serbuk Daun Kelor:
- Melindungi tubuh Anda dari radikal bebas- Menurunkan kadar gula dalam darah- Mengurangi peradangan- Menurunkan kadar kolesterol- Menyehatkan Mata- Sebagai Anti-Penuaan Dini
Barang yang akan kami kirimkan telah melalui proses penyortiran yang teliti
Toko Kurma Alif juga menyediakan berbagai jenis kurma, kismis, kacang arab, henna, coklat arab, tasbih dan oleh oleh haji lainnya. untuk informasi produk kami lainnya silahkan melihat di etalase/kategori di toko online kami
Wassalamualaikum Wr. Wb.
LIHAT LEBIH BANYAK"
